seconds,frame,scene,mark,type,gain_db
0.000,0,wordmark,fadeIn,bloom,-19
1.338,80,wordmark,zoomOut,whoosh,-22
1.758,105,wordmark,sharp,note,-22
3.020,181,splash,plus,pop,-19
3.089,185,splash,minus,pop,-19
3.160,190,splash,times,pop,-19
3.239,194,splash,badge,pop,-18
3.239,194,splash,badge,whoosh,-23
3.746,225,splash,zoom,swell,-17
4.250,255,question,what,impact,-12
4.861,292,question,if,thump,-16
5.396,324,question,chip,whoosh,-21
5.740,344,question,click,click,-15
6.008,360,question,grid,whoosh,-22
6.275,377,question,pop3,pop,-21
6.581,395,question,collapse,whoosh,-22
6.772,406,question,type,typing,-23
7.567,454,pill,phoneIn,whoosh,-19
8.331,500,pill,press4,click,-15
8.560,514,pill,press5,click,-15
9.134,548,pill,swipe,whoosh,-20
9.554,573,pill,calcOn,thump,-21
9.860,592,pill,opPlus,click,-15
10.089,605,pill,one,click,-15
10.318,619,pill,five,click,-15
11.006,660,pill,chip,click,-15
11.083,665,pill,kbUp,whoosh,-18
11.427,686,pill,type,typing,-22
12.229,734,pill,enter,click,-15
12.764,766,pill,check,click,-14
12.879,773,pill,check,note,-22
13.376,803,pill,swipe2,whoosh,-21
13.987,839,pill,adjPlus,click,-15
14.255,855,pill,two,click,-15
14.484,869,pill,zeroA,click,-15
14.713,883,pill,zeroB,click,-15
15.592,936,pill,clear1,press,-17
16.204,972,pill,swipe3,whoosh,-21
16.815,1009,pill,adjMinus,click,-15
17.083,1025,pill,five2,click,-15
17.312,1039,pill,zeroC,click,-15
18.153,1089,pill,clear2,press,-17
18.611,1117,pill,zoom,whoosh,-19
19.033,1142,sheet,settle,thump,-20
19.224,1153,sheet,tap,click,-15
19.358,1161,sheet,open,whoosh,-18
19.912,1195,sheet,calc,note,-22
20.906,1254,sheet,weekly,click,-15
21.479,1289,sheet,exit,whoosh,-20
21.900,1314,split,in,whoosh,-21
22.320,1339,split,row1,note,-21
22.741,1364,split,row2,note,-21
23.161,1390,split,row3,note,-21
23.582,1415,split,row4,note,-21
24.040,1442,split,pending,thump,-20
25.339,1520,split,click,click,-15
25.492,1530,split,zoom,swell,-19
25.917,1555,choice,in,thump,-19
26.146,1569,choice,tap,click,-15
26.299,1578,choice,cardA,whoosh,-23
27.101,1626,choice,tapB,click,-15
27.967,1678,subs,in,whoosh,-20
28.081,1685,subs,hero,pop,-21
28.655,1719,subs,pan,whoosh,-23
28.846,1731,subs,dots,plucks,-25
29.381,1763,subs,list,whoosh,-23
30.030,1802,subs,zoomOut,whoosh,-17
30.756,1845,subs,settle,thump,-20
31.067,1864,analytics,card1,whoosh,-20
31.334,1880,analytics,card2,thump,-22
31.831,1910,analytics,cells,plucks,-26
32.710,1963,analytics,peak,impact,-18
33.483,2009,outro,bloom,bloom,-18
33.713,2023,outro,plus,pop,-19
33.783,2027,outro,minus,pop,-19
33.853,2031,outro,times,pop,-19
33.933,2036,outro,badge,pop,-18
34.439,2066,outro,lock,impact,-16
34.439,2066,outro,lock,chime,-21
